{
    "total_runtime": 410.6200098991394,
    "num_documents": 2,
    "input_load_time": 0,
    "workflows": {
        "create_base_text_units": {
            "overall": 1.412661075592041,
            "0_orderby": 0.0044782161712646484,
            "1_zip": 0.005278110504150391,
            "2_aggregate_override": 0.009863615036010742,
            "3_chunk": 1.2757649421691895,
            "4_select": 0.009950876235961914,
            "5_unroll": 0.013521194458007812,
            "6_rename": 0.011418819427490234,
            "7_genid": 0.018277406692504883,
            "8_unzip": 0.013057231903076172,
            "9_copy": 0.016192197799682617,
            "10_filter": 0.030896663665771484
        },
        "create_base_extracted_entities": {
            "overall": 170.4722237586975,
            "0_entity_extract": 170.13528275489807,
            "1_merge_graphs": 0.30942869186401367,
            "2_snapshot_rows": 0.01416325569152832
        },
        "create_summarized_entities": {
            "overall": 28.5371572971344,
            "0_summarize_descriptions": 28.50225806236267,
            "1_snapshot_rows": 0.024914026260375977
        },
        "create_base_entity_graph": {
            "overall": 1.6599512100219727,
            "0_cluster_graph": 1.5785222053527832,
            "1_snapshot_rows": 0.022786855697631836,
            "2_snapshot_rows": 0.0197296142578125,
            "3_select": 0.021740436553955078
        },
        "create_final_entities": {
            "overall": 10.065382242202759,
            "0_unpack_graph": 0.4057435989379883,
            "1_rename": 0.013562917709350586,
            "2_select": 0.014316082000732422,
            "3_dedupe": 0.014878511428833008,
            "4_rename": 0.014281988143920898,
            "5_filter": 0.05621457099914551,
            "6_text_split": 0.04649615287780762,
            "7_drop": 0.018313169479370117,
            "8_merge": 0.4322168827056885,
            "9_text_embed": 8.869781732559204,
            "10_drop": 0.03648018836975098,
            "11_filter": 0.12984728813171387
        },
        "create_final_nodes": {
            "overall": 4.115024089813232,
            "0_layout_graph": 1.9972293376922607,
            "1_unpack_graph": 0.8852300643920898,
            "2_unpack_graph": 0.8626859188079834,
            "3_filter": 0.13715076446533203,
            "4_drop": 0.02054595947265625,
            "5_select": 0.021250247955322266,
            "6_rename": 0.019819259643554688,
            "7_join": 0.03679966926574707,
            "8_convert": 0.08173108100891113,
            "9_rename": 0.02317953109741211
        },
        "create_final_communities": {
            "overall": 3.1191346645355225,
            "0_unpack_graph": 0.4304356575012207,
            "1_unpack_graph": 0.9423565864562988,
            "2_aggregate_override": 0.03056192398071289,
            "3_join": 0.06589031219482422,
            "4_join": 0.07191276550292969,
            "5_concat": 0.02897167205810547,
            "6_filter": 1.1719191074371338,
            "7_aggregate_override": 0.05850863456726074,
            "8_join": 0.05275249481201172,
            "9_filter": 0.06632518768310547,
            "10_fill": 0.030765056610107422,
            "11_merge": 0.08668065071105957,
            "12_copy": 0.02715778350830078,
            "13_select": 0.030758380889892578
        },
        "join_text_units_to_entity_ids": {
            "overall": 0.12744522094726562,
            "0_select": 0.031136751174926758,
            "1_unroll": 0.032942771911621094,
            "2_aggregate_override": 0.036492347717285156
        },
        "create_final_relationships": {
            "overall": 1.1507673263549805,
            "0_unpack_graph": 0.4968912601470947,
            "1_filter": 0.20077252388000488,
            "2_rename": 0.031206369400024414,
            "3_filter": 0.19657278060913086,
            "4_drop": 0.03828144073486328,
            "5_compute_edge_combined_degree": 0.042001962661743164,
            "6_convert": 0.0657191276550293,
            "7_convert": 0.05026364326477051
        },
        "join_text_units_to_relationship_ids": {
            "overall": 0.4129302501678467,
            "0_select": 0.06121993064880371,
            "1_unroll": 0.09600090980529785,
            "2_aggregate_override": 0.08732056617736816,
            "3_select": 0.08456873893737793
        },
        "create_final_community_reports": {
            "overall": 178.34118819236755,
            "0_prepare_community_reports_nodes": 0.239882230758667,
            "1_prepare_community_reports_edges": 0.22099518775939941,
            "2_restore_community_hierarchy": 0.24515914916992188,
            "3_prepare_community_reports": 3.5957164764404297,
            "4_create_community_reports": 173.93786787986755,
            "5_window": 0.04021048545837402
        },
        "create_final_text_units": {
            "overall": 0.47696518898010254,
            "0_select": 0.06628298759460449,
            "1_rename": 0.06907796859741211,
            "2_join": 0.0694112777709961,
            "3_join": 0.07437300682067871,
            "4_aggregate_override": 0.07117867469787598,
            "5_select": 0.06458210945129395
        },
        "create_base_documents": {
            "overall": 0.9614048004150391,
            "0_unroll": 0.07388019561767578,
            "1_select": 0.07201457023620605,
            "2_rename": 0.06446337699890137,
            "3_join": 0.09280824661254883,
            "4_aggregate_override": 0.07363033294677734,
            "5_join": 0.08658933639526367,
            "6_rename": 0.09940361976623535,
            "7_convert": 0.33086085319519043
        },
        "create_final_documents": {
            "overall": 0.16005206108093262,
            "0_rename": 0.07313680648803711
        }
    }
}